﻿<?xml version="1.0"?>
<MP NameSoftware="OfficeCI" VersionSoftware="0.1" Version="06" GUID="DDA9EF6D-C64C-44DE-BB15-222B84B8F442" xmlns:xsi="http://www.w3.org/2001/XMLSchema-instance" xsi:noNamespaceSchemaLocation="file:///P:/Programms/MP_v05/Data/MP_v06.xsd">
	<Package>
		<FormParcels Method="2">
			<NewParcel Definition="50:08:0050319:35:ЗУ1">
				<CadastralBlock>50:08:0050319</CadastralBlock>
				<PrevCadastralNumbers>
					<CadastralNumber>50:08:0050319:35</CadastralNumber>
				</PrevCadastralNumbers>
				<ProvidingPassCadastralNumbers>
					<CadastralNumber>50:08:0050319:48</CadastralNumber>
				</ProvidingPassCadastralNumbers>
				<ObjectRealty>
					<InnerCadastralNumbers>
						<CadastralNumber>50:08:0050319:152</CadastralNumber>
					</InnerCadastralNumbers>
				</ObjectRealty>
				<Area>
					<Area>3432</Area>
					<Unit>055</Unit>
					<Inaccuracy>12</Inaccuracy>
				</Area>
				<Address AddressOrLocation="0">
					<OKATO>46218816004</OKATO>
					<KLADR>5000900057000</KLADR>
					<PostalCode>143541</PostalCode>
					<Region>50</Region>
					<District Name="Истринский" Type="р-н"/>
					<City Name="Ивановское" Type="с/п"/>
					<Locality Name="Красновидово" Type="д"/>
					<Other>Российская Федерация, область Московская, район Истринский, сельское поселение Ивановское, деревня Красновидово, участок 18</Other>
				</Address>
				<Category Category="003001000000">
					<DocCategory>
						<CodeDocument>558299000000</CodeDocument>
						<Name>Выписка из единого государственного реестра недвижимости об основных характеристиках и зарегистрированных правах на объект недвижимости</Name>
						<Number>99/2017/18502102</Number>
						<Date>2017-05-29</Date>
					</DocCategory>
				</Category>
				<Utilization ByDoc="под дачное строительство">
					<DocUtilization>
						<CodeDocument>558299000000</CodeDocument>
						<Name>Выписка из единого государственного реестра недвижимости об основных характеристиках и зарегистрированных правах на объект недвижимости</Name>
						<Number>99/2017/18502102</Number>
						<Date>2017-05-29</Date>
					</DocUtilization>
				</Utilization>
				<EntitySpatial EntSys="lCB765F4C-5A3D-4678-BC5E-EEE0B21154A5l">
					<SpatialElement>
						<SpelementUnit TypeUnit="Точка">
							<Ordinate X="480349.56" Y="1340258.84" NumGeopoint="1" DeltaGeopoint="0.1"/>
						</SpelementUnit>
						<SpelementUnit TypeUnit="Точка">
							<Ordinate X="480296.54" Y="1340259.63" NumGeopoint="5" DeltaGeopoint="0.1"/>
						</SpelementUnit>
						<SpelementUnit TypeUnit="Точка">
							<Ordinate X="480296.05" Y="1340274.48" NumGeopoint="4" DeltaGeopoint="0.1"/>
						</SpelementUnit>
						<SpelementUnit TypeUnit="Точка">
							<Ordinate X="480354.49" Y="1340347.66" NumGeopoint="3" DeltaGeopoint="0.1"/>
						</SpelementUnit>
						<SpelementUnit TypeUnit="Точка">
							<Ordinate X="480366.27" Y="1340306.74" NumGeopoint="2" DeltaGeopoint="0.1"/>
						</SpelementUnit>
						<SpelementUnit TypeUnit="Точка">
							<Ordinate X="480349.56" Y="1340258.84" NumGeopoint="1" DeltaGeopoint="0.1"/>
						</SpelementUnit>
					</SpatialElement>
					<Borders>
						<Border Spatial="1" Point1="1" Point2="2">
							<Edge>
								<Length>53.03</Length>
							</Edge>
						</Border>
						<Border Spatial="1" Point1="2" Point2="3">
							<Edge>
								<Length>14.86</Length>
							</Edge>
						</Border>
						<Border Spatial="1" Point1="3" Point2="4">
							<Edge>
								<Length>93.65</Length>
							</Edge>
						</Border>
						<Border Spatial="1" Point1="4" Point2="5">
							<Edge>
								<Length>42.58</Length>
							</Edge>
						</Border>
						<Border Spatial="1" Point1="5" Point2="6">
							<Edge>
								<Length>50.73</Length>
							</Edge>
						</Border>
						<Border Spatial="1" Point1="6" Point2="1">
							<Edge>
								<Length>53.03</Length>
							</Edge>
						</Border>
					</Borders>
				</EntitySpatial>
				<MinArea>
					<Area>600</Area>
					<Unit>055</Unit>
				</MinArea>
				<MaxArea>
					<Area>7500</Area>
					<Unit>055</Unit>
				</MaxArea>
			</NewParcel>
			<NewParcel Definition="50:08:0050319:35:ЗУ2">
				<CadastralBlock>50:08:0050319</CadastralBlock>
				<PrevCadastralNumbers>
					<CadastralNumber>50:08:0050319:35</CadastralNumber>
				</PrevCadastralNumbers>
				<ProvidingPassCadastralNumbers>
					<CadastralNumber>50:08:0050319:48</CadastralNumber>
				</ProvidingPassCadastralNumbers>
				<Area>
					<Area>4068</Area>
					<Unit>055</Unit>
					<Inaccuracy>13</Inaccuracy>
				</Area>
				<Address AddressOrLocation="0">
					<OKATO>46218816004</OKATO>
					<KLADR>5000900057000</KLADR>
					<PostalCode>143541</PostalCode>
					<Region>50</Region>
					<District Name="Истринский" Type="р-н"/>
					<City Name="Ивановское" Type="с/п"/>
					<Locality Name="Красновидово" Type="д"/>
					<Other>Российская Федерация, область Московская, район Истринский, сельское поселение Ивановское, деревня Красновидово, участок 18</Other>
				</Address>
				<Category Category="003001000000">
					<DocCategory>
						<CodeDocument>558299000000</CodeDocument>
						<Name>Выписка из единого государственного реестра недвижимости об основных характеристиках и зарегистрированных правах на объект недвижимости</Name>
						<Number>99/2017/18502102</Number>
						<Date>2017-05-29</Date>
					</DocCategory>
				</Category>
				<Utilization ByDoc="под дачное строительство">
					<DocUtilization>
						<CodeDocument>558299000000</CodeDocument>
						<Name>Выписка из единого государственного реестра недвижимости об основных характеристиках и зарегистрированных правах на объект недвижимости</Name>
						<Number>99/2017/18502102</Number>
						<Date>2017-05-29</Date>
					</DocUtilization>
				</Utilization>
				<EntitySpatial EntSys="lCB765F4C-5A3D-4678-BC5E-EEE0B21154A5l">
					<SpatialElement>
						<SpelementUnit TypeUnit="Точка">
							<Ordinate X="480354.49" Y="1340347.66" NumGeopoint="3" DeltaGeopoint="0.1"/>
						</SpelementUnit>
						<SpelementUnit TypeUnit="Точка">
							<Ordinate X="480296.05" Y="1340274.48" NumGeopoint="4" DeltaGeopoint="0.1"/>
						</SpelementUnit>
						<SpelementUnit TypeUnit="Точка">
							<Ordinate X="480285" Y="1340274.11" NumGeopoint="8" DeltaGeopoint="0.1"/>
						</SpelementUnit>
						<SpelementUnit TypeUnit="Точка">
							<Ordinate X="480278.55" Y="1340359.46" NumGeopoint="7" DeltaGeopoint="0.1"/>
						</SpelementUnit>
						<SpelementUnit TypeUnit="Точка">
							<Ordinate X="480354.8" Y="1340360.03" NumGeopoint="6" DeltaGeopoint="0.1"/>
						</SpelementUnit>
						<SpelementUnit TypeUnit="Точка">
							<Ordinate X="480354.49" Y="1340347.66" NumGeopoint="3" DeltaGeopoint="0.1"/>
						</SpelementUnit>
					</SpatialElement>
					<Borders>
						<Border Spatial="1" Point1="1" Point2="2">
							<Edge>
								<Length>93.65</Length>
							</Edge>
						</Border>
						<Border Spatial="1" Point1="2" Point2="3">
							<Edge>
								<Length>11.06</Length>
							</Edge>
						</Border>
						<Border Spatial="1" Point1="3" Point2="4">
							<Edge>
								<Length>85.59</Length>
							</Edge>
						</Border>
						<Border Spatial="1" Point1="4" Point2="5">
							<Edge>
								<Length>76.25</Length>
							</Edge>
						</Border>
						<Border Spatial="1" Point1="5" Point2="6">
							<Edge>
								<Length>12.37</Length>
							</Edge>
						</Border>
						<Border Spatial="1" Point1="6" Point2="1">
							<Edge>
								<Length>93.65</Length>
							</Edge>
						</Border>
					</Borders>
				</EntitySpatial>
				<MinArea>
					<Area>600</Area>
					<Unit>055</Unit>
				</MinArea>
				<MaxArea>
					<Area>7500</Area>
					<Unit>055</Unit>
				</MaxArea>
			</NewParcel>
		</FormParcels>
	</Package>
	<GeneralCadastralWorks DateCadastral="2017-07-27">
		<Contractor>
			<FamilyName>Науменко</FamilyName>
			<FirstName>Михаил</FirstName>
			<Patronymic>Иванович</Patronymic>
			<NCertificate>36-11-243</NCertificate>
			<Telephone>8(930) 415-54-17</Telephone>
			<Address>394000, г. Воронеж, ул. Шукшина, д. 17, кв. 47</Address>
			<Email>michael-naum@mail.ru</Email>
			<Organization>
				<Name>-</Name>
				<AddressOrganization>-</AddressOrganization>
			</Organization>
		</Contractor>
		<Reason>образованием двух  земельных  участков,  путем раздела земельного участка с кадастровым номером 50:08:0050319:35
</Reason>
		<Clients>
			<Client>
				<Organization>
					<Name>Общество с ограниченной ответственностью «Страховое Общество «Помощь»</Name>
					<INN>7825508140</INN>
					<OGRN>1037843105233</OGRN>
				</Organization>
			</Client>
		</Clients>
	</GeneralCadastralWorks>
	<CoordSystems>
		<CoordSystem Name="МСК, 1 зона" CsId="lCB765F4C-5A3D-4678-BC5E-EEE0B21154A5l"/>
	</CoordSystems>
	<InputData>
		<Documents>
			<Document>
				<CodeDocument>558299000000</CodeDocument>
				<Name>Выписка из единого государственного реестра недвижимости об основных характеристиках и зарегистрированных правах на объект недвижимости</Name>
				<Number>99/2017/18502102</Number>
				<Date>2017-05-29</Date>
			</Document>
			<Document>
				<CodeDocument>558299000000</CodeDocument>
				<Name>Согласие на раздел земельного участка</Name>
				<Number>б/н</Number>
				<Date>2017-06-06</Date>
				<IssueOrgan>Общество с ограниченной ответственностью «Страховое Общество «Помощь»</IssueOrgan>
				<AppliedFile Kind="01" Name="App\согласие на раздел ЗУ.pdf"/>
			</Document>
			<Document>
				<CodeDocument>558299000000</CodeDocument>
				<Name>Выписка из Единого государственного реестра юридических лиц</Name>
				<Number>б/н</Number>
				<Date>2017-06-06</Date>
				<AppliedFile Kind="01" Name="App\1037843105233_996517333934121.pdf"/>
			</Document>
		</Documents>
		<ObjectsRealty>
			<ObjectRealty>
				<InnerCadastralNumbers>
					<CadastralNumber>50:08:0050319:152</CadastralNumber>
				</InnerCadastralNumbers>
				<CadastralNumberParcel>50:08:0050319:35</CadastralNumberParcel>
			</ObjectRealty>
		</ObjectsRealty>
	</InputData>
	<Survey>
		<GeopointsOpred>
			<GeopointOpred>
				<CadastralNumberDefinition>50:08:0050319:35:ЗУ1</CadastralNumberDefinition>
				<Methods>
					<GeopointOpred>692006000000</GeopointOpred>
				</Methods>
			</GeopointOpred>
			<GeopointOpred>
				<CadastralNumberDefinition>50:08:0050319:35:ЗУ2</CadastralNumberDefinition>
				<Methods>
					<GeopointOpred>692006000000</GeopointOpred>
				</Methods>
			</GeopointOpred>
		</GeopointsOpred>
		<TochnGeopointsParcels>
			<TochnGeopointsParcel>
				<CadastralNumberDefinition>50:08:0050319:35:ЗУ1</CadastralNumberDefinition>
				<Formula>Mt = 0.1</Formula>
			</TochnGeopointsParcel>
			<TochnGeopointsParcel>
				<CadastralNumberDefinition>50:08:0050319:35:ЗУ2</CadastralNumberDefinition>
				<Formula>Mt = 0.1</Formula>
			</TochnGeopointsParcel>
		</TochnGeopointsParcels>
		<TochnAreaParcels>
			<TochnAreaParcel>
				<CadastralNumberDefinition>50:08:0050319:35:ЗУ1</CadastralNumberDefinition>
				<Formula>∆Р = 2Mt√P*√((1+K²)/2k) = 2*0.1*√3432*√((1+1²)/2*1) = 12</Formula>
				<Area>
					<Area>3432</Area>
					<Unit>055</Unit>
				</Area>
			</TochnAreaParcel>
			<TochnAreaParcel>
				<CadastralNumberDefinition>50:08:0050319:35:ЗУ2</CadastralNumberDefinition>
				<Formula>∆Р = 2Mt√P*√((1+K²)/2k) = 2*0.1√4068*√((1+1²)/2*1) = 13</Formula>
				<Area>
					<Area>4068</Area>
					<Unit>055</Unit>
				</Area>
			</TochnAreaParcel>
		</TochnAreaParcels>
	</Survey>
	<Conclusion>Настоящий межевой план подготовлен в соответствии с требованиями земельного законодательства Российской Федерации, в том числе с требованиями к оформлению межевого плана, утвержденными приказом Минэкономразвития РФ от 08.12.2015 г. № 921 «Об утверждении формы и состава сведений межевого плана, требований к его подготовке», в результате выполнения кадастровых работ в связи с образованием двух земельных участков путем раздела земельного участка с кадастровым номером 50:08:0050319:35,  с целью раздельного распоряжения образуемыми земельными участками.
При определении местоположения границ образуемых земельных участков используется аналитический метод, так как отсутствуют вновь образованные в ГКН характерные точки границ земельных участков.
Образование земельных участков осуществляется при наличии в письменной форме согласия правообладателя исходного земельного участка и объекта капитального строительства расположенного на исходным земельном участке.
Доступ к образуемым земельным участкам осуществляется посредством земельного участка с кадастровым номером 50:08:0050319:48 и земельного участка с кадастровым номером 50:08:0050319:209 (земли общего пользования).
Обращаю внимание, что в соответствии с. ч. 2 ст. 3  Закона  Московской области №63/2003-ОЗ от 17.06.2003г.  «О предельных размерах земельных участков, представляемых гражданам в собственность на территории Московской области», в случае если размер земельного участка, предоставленного гражданину в установленном порядке до вступления в силу настоящего Закона, ниже предельного минимального размера либо превышает предельный максимальный размер, установленные статьями 1 и 2 настоящего Закона, то для данного земельного участка этот размер является соответственно минимальным или максимальным. Таким образом, максимальный размер для образуемых из земельного участка с кадастровым номером 50:08:0050319:35 земельных участков  составляет 7500 кв.м.
Кадастровый инженер Науменко Михаил Иванович является членом Ассоциации Саморегулируемой организации "Объединение профессионалов кадастровой деятельности", включен в реестр членов 10.06.2016 за регистрационным номером 1714.</Conclusion>
	<SchemeGeodesicPlotting Kind="01" Name="App\МП_графика_СГП.pdf"/>
	<SchemeDisposition Kind="01" Name="App\МП_графика_Cх.pdf"/>
	<DiagramParcelsSubParcels Kind="01" Name="App\МП_графика_чертеж.pdf"/>
	<Appendix>
		<AppliedFiles>
			<NumberAppendix>1</NumberAppendix>
			<NameAppendix>Общие сведения о кадастровых работах</NameAppendix>
			<AppliedFile Kind="01" Name="App\МП_тит лист.pdf"/>
		</AppliedFiles>
		<AppliedFiles>
			<NumberAppendix>2</NumberAppendix>
			<NameAppendix>Согласие на обеспечение  доступа</NameAppendix>
			<AppliedFile Kind="01" Name="App\Доступ.pdf"></AppliedFile>
		</AppliedFiles>
	</Appendix>
</MP>
